en,pos,kind
absolutely,adv,words
academic,adj,words
access,n,words
access,v,words
accommodation,n,words
account,n,words
according to,prep,words
achievement,n,words
ad,n,words
addition,n,words
admire,v,words
admit,v,words
advanced,adj,words
advise,v,words
afford,v,words
aged,adj,words
agent,n,words
agreement,n,words
ahead,adv,words
aim,n,words
aim,v,words
alarm,n,words
album,n,words
alcohol,n,words
alcoholic,adj,words
alcoholic,n,words
alternative,adj,words
alternative,n,words
amazed,adj,words
ambition,n,words
ambitious,adj,words
announce,v,words
announcement,n,words
annoy,v,words
annoyed,adj,words
annoying,adj,words
apart,adv,words
apologise,v,words
application,n,words
appointment,n,words
appreciate,v,words
approximately,adv,words
arrest,v,words
arrival,n,words
assignment,n,words
assist,v,words
atmosphere,n,words
attach,v,words
attitude,n,words
attract,v,words
attraction,n,words
authority,n,words
average,adj,words
average,n,words
award,n,words
award,v,words
aware,adj,words
backwards,adv,words
bake,v,words
balance,n,words
balance,v,words
ban,n,words
ban,v,words
bank,n,words
base,n,words
base,v,words
basic,adj,words
battery,n,words
battle,n,words
beauty,n,words
bee,n,words
behaviour,n,words
belief,n,words
bell,n,words
bend,v,words
benefit,v,words
bite,v,words
block,n,words
block,v,words
board,v,words
bomb,n,words
bomb,v,words
booking,n,words
border,n,words
bother,v,words
branch,n,words
brand,n,words
brave,adj,words
breath,n,words
breathe,v,words
breathing,n,words
bride,n,words
bubble,n,words
burst,v,words
bury,v,words
calm,adj,words
campaign,n,words
campus,n,words
candidate,n,words
cap,n,words
captain,n,words
career,n,words
careless,adj,words
category,n,words
ceiling,n,words
celebration,n,words
central,adj,words
century,n,words
ceremony,n,words
chain,n,words
challenge,n,words
challenge,v,words
champion,n,words
channel,n,words
chapter,n,words
charge,n,words
charge,v,words
cheat,v,words
cheerful,adj,words
chemical,n,words
chemical,adj,words
chest,n,words
childhood,n,words
claim,v,words
claim,n,words
click,n,words
click,v,words
client,n,words
close,adj,words
cloth,n,words
clue,n,words
coach,n,words
coal,n,words
collection,n,words
coloured,adj,words
combine,v,words
comment,v,words
commercial,adj,words
commercial,n,words
commit,v,words
communication,n,words
comparison,n,words
competitor,n,words
competitive,adj,words
complaint,n,words
complex,adj,words
concentrate,v,words
conclude,v,words
confident,adj,words
confirm,v,words
confuse,v,words
confused,adj,words
connection,n,words
contact,v,words
contact,n,words
container,n,words
content,n,words
continuous,adj,words
contrast,n,words
contrast,v,words
convenient,adj,words
convince,v,words
copper,n,words
costume,n,words
cottage,n,words
cotton,n,words
countryside,n,words
court,n,words
cover,n,words
cover,v,words
covered,adj,words
create,v,words
credit,n,words
cruel,adj,words
cultural,adj,words
culture,n,words
currency,n,words
current,adj,words
currently,adv,words
curtain,n,words
custom,n,words
damage,n,words
damage,v,words
deal,v,words
decade,n,words
decorate,v,words
deer,n,words
definite,adj,words
deliver,v,words
departure,n,words
desktop,n,words
despite,prep,words
destination,n,words
determined,adj,words
development,n,words
diagram,n,words
diamond,n,words
difficulty,n,words
direct,v,words
direct,adj,words
directly,adv,words
dirt,n,words
disadvantage,n,words
disappointed,adj,words
disappointing,adj,words
discount,n,words
discuss,v,words
dislike,v,words
divide,v,words
documentary,n,words
donate,v,words
doubt,n,words
doubt,v,words
dressed,adj,words
drunk,adj,words
due,adj,words
dust,n,words
duty,n,words
earthquake,n,words
eastern,adj,words
economic,adj,words
economy,n,words
edge,n,words
editor,n,words
educate,v,words
educated,adj,words
educational,adj,words
effect,n,words
effective,adj,words
effectively,adv,words
effort,n,words
election,n,words
embarrassed,adj,words
embarrassing,adj,words
emergency,n,words
emotion,n,words
employment,n,words
encourage,v,words
enemy,n,words
engaged,adj,words
engineering,n,words
entertain,v,words
entertainment,n,words
entrance,n,words
entry,n,words
environment,n,words
environmental,adj,words
episode,n,words
equal,adj,words
equally,adv,words
escape,v,words
essential,adj,words
event,n,words
eventually,adv,words
examine,v,words
exchange,n,words
exchange,v,words
excitement,n,words
exhibition,n,words
expand,v,words
expected,adj,words
expedition,n,words
experienced,adj,words
explode,v,words
explore,v,words
explosion,n,words
export,n,words
export,v,words
face,v,words
fact,n,words
fairly,adv,words
familiar,adj,words
fancy,v,words
fascinating,adj,words
fashionable,adj,words
fasten,v,words
favour,n,words
fear,n,words
fear,v,words
feature,n,words
feature,v,words
feed,v,words
fence,n,words
fighting,n,words
figure,n,words
file,n,words
file,v,words
financial,adj,words
fine,n,words
fitness,n,words
fixed,adj,words
flash,n,words
flood,n,words
flood,v,words
flour,n,words
flow,n,words
flow,v,words
fog,n,words
fold,v,words
folk,n,words
following,adj,words
following,prep,words
force,n,words
force,v,words
forever,adv,words
frame,n,words
freeze,v,words
frequently,adv,words
friendship,n,words
frighten,v,words
frightened,adj,words
frightening,adj,words
frozen,adj,words
fry,v,words
fuel,n,words
function,n,words
function,v,words
fur,n,words
garage,n,words
gather,v,words
generally,adv,words
generation,n,words
generous,adj,words
gentle,adj,words
gentleman,n,words
ghost,n,words
giant,n,words
giant,adj,words
gig,n,words
glad,adj,words
global,adj,words
glove,n,words
goods,n,words
grade,n,words
graduate,v,words
grain,n,words
grateful,adj,words
growth,n,words
guard,n,words
guard,v,words
guilty,adj,words
hang,v,words
happiness,n,words
hardly,adv,words
headline,n,words
heating,n,words
heavily,adv,words
helicopter,n,words
highlight,v,words
highly,adv,words
hire,v,words
hint,n,words
hint,v,words
historic,adj,words
historical,adj,words
honest,adj,words
honey,n,words
horrible,adj,words
horror,n,words
host,n,words
host,v,words
however,adv,words
hunt,v,words
hurricane,n,words
ignorant,adj,words
ignore,v,words
illegal,adj,words
imaginary,adj,words
immediate,adj,words
immigrant,n,words
impact,n,words
import,n,words
import,v,words
importance,n,words
impression,n,words
impressive,adj,words
improve,v,words
improvement,n,words
incredibly,adv,words
indeed,adv,words
indicate,v,words
indirect,adj,words
indoor,adj,words
indoors,adv,words
infant,n,words
influence,n,words
influence,v,words
ingredient,n,words
injure,v,words
injured,adj,words
innocent,adj,words
intelligence,n,words
intend,v,words
intention,n,words
invest,v,words
investigate,v,words
involved,adj,words
iron,n,words
iron,v,words
issue,n,words
it,n,words
journal,n,words
judge,n,words
judge,v,words
keen,adj,words
key,adj,words
keyboard,n,words
killing,n,words
kind,adj,words
kingdom,n,words
label,n,words
label,v,words
laboratory,n,words
lack,n,words
lack,v,words
latest,adj,words
lay,v,words
layer,n,words
lead,n,words
leading,adj,words
leaf,n,words
leather,n,words
legal,adj,words
leisure,n,words
length,n,words
level,n,words
level,v,words
lie,v,words
limit,n,words
limit,v,words
lip,n,words
liquid,n,words
literature,n,words
living,n,words
living,adj,words
locate,v,words
located,adj,words
location,n,words
log,n,words
lonely,adj,words
loss,n,words
luxury,n,words
mad,adj,words
magic,n,words
mainly,adv,words
mall,n,words
management,n,words
marketing,n,words
marriage,n,words
material,n,words
meanwhile,adv,words
measure,n,words
measure,v,words
medium,adj,words
mental,adj,words
mess,n,words
mild,adj,words
mill,n,words
mine,n,words
mix,v,words
mixture,n,words
model,n,words
mood,n,words
mud,n,words
murder,n,words
murder,v,words
muscle,n,words
mystery,n,words
nail,n,words
narrative,n,words
nation,n,words
native,adj,words
native,n,words
naturally,adv,words
necessarily,adv,words
needle,n,words
negative,adj,words
neighbourhood,n,words
neither,conj,words
neither,det,words
neither,pron,words
nor,conj,words
normal,adj,words
normal,n,words
northern,adj,words
note,v,words
nuclear,adj,words
obvious,adj,words
obviously,adv,words
occasion,n,words
occur,v,words
odd,adj,words
official,adj,words
old-fashioned,adj,words
once,conj,words
opinion,n,words
operation,n,words
opportunity,n,words
organised,adj,words
organiser,n,words
original,adj,words
originally,adv,words
ought to,v,words
ours,pron,words
outdoor,adj,words
outdoors,adv,words
package,n,words
pad,n,words
painful,adj,words
pale,adj,words
pan,n,words
participate,v,words
particularly,adv,words
passion,n,words
path,n,words
payment,n,words
peaceful,adj,words
percentage,n,words
perfectly,adv,words
performance,n,words
personally,adv,words
pessimistic,adj,words
persuade,v,words
photographer,n,words
photography,n,words
pin,n,words
pin,v,words
pipe,n,words
planning,n,words
pleasant,adj,words
pleasure,n,words
plenty,pron,words
plot,n,words
plus,prep,words
plus,conj,words
poem,n,words
poet,n,words
poetry,n,words
point,v,words
poison,n,words
poison,v,words
poisonous,adj,words
policy,n,words
political,adj,words
politician,n,words
politics,n,words
port,n,words
portrait,n,words
position,n,words
positive,adj,words
possibly,adv,words
pot,n,words
pour,v,words
poverty,n,words
powder,n,words
power,n,words
powerful,adj,words
practical,adj,words
pray,v,words
prayer,n,words
prediction,n,words
prepared,adj,words
presentation,n,words
press,n,words
pressure,n,words
pretend,v,words
previous,adj,words
previously,adv,words
priest,n,words
primary,adj,words
prince,n,words
princess,n,words
printing,n,words
prisoner,n,words
private,adj,words
probably,adv,words
process,n,words
produce,v,words
producer,n,words
product,n,words
production,n,words
profession,n,words
profit,n,words
project,n,words
promote,v,words
proper,adj,words
properly,adv,words
property,n,words
protest,n,words
protest,v,words
proud,adj,words
prove,v,words
pump,v,words
punch,v,words
punish,v,words
punishment,n,words
qualification,n,words
qualified,adj,words
qualify,v,words
queue,n,words
queue,v,words
quit,v,words
quotation,n,words
quote,n,words
quote,v,words
race,n,words
racing,n,words
range,n,words
rare,adj,words
rarely,adv,words
reaction,n,words
reality,n,words
receipt,n,words
recommendation,n,words
reference,n,words
reflect,v,words
regularly,adv,words
reject,v,words
relate,v,words
related,adj,words
relation,n,words
relative,n,words
relaxed,adj,words
relaxing,adj,words
release,v,words
reliable,adj,words
religion,n,words
religious,adj,words
remain,v,words
remind,v,words
remote,adj,words
rent,n,words
rent,v,words
repeated,adj,words
represent,v,words
require,v,words
reservation,n,words
resource,n,words
respect,n,words
respect,v,words
response,n,words
responsibility,n,words
responsible,adj,words
result,n,words
retire,v,words
retired,adj,words
revise,v,words
rifle,n,words
rise,v,words
risk,n,words
risk,v,words
robot,n,words
roll,v,words
romantic,adj,words
rope,n,words
rough,adj,words
row,n,words
royal,adj,words
rugby,n,words
rule,v,words
safety,n,words
sailor,n,words
sample,n,words
sand,n,words
scan,v,words
scientific,adj,words
script,n,words
sculpture,n,words
secondary,adj,words
security,n,words
seed,n,words
sensible,adj,words
separate,v,words
seriously,adv,words
servant,n,words
set,v,words
set,n,words
setting,n,words
sex,n,words
sexual,adj,words
sharp,adj,words
shelf,n,words
shell,n,words
shift,n,words
shift,v,words
shine,v,words
shiny,adj,words
shoot,v,words
shock,n,words
shock,v,words
shot,n,words
shy,adj,words
sight,n,words
signal,n,words
silent,adj,words
silly,adj,words
similarity,n,words
similarly,adv,words
simply,adv,words
since,conj,words
sink,v,words
skill,n,words
skip,v,words
slam,v,words
slap,v,words
slice,n,words
slice,v,words
slightly,adv,words
smart,adj,words
smooth,adj,words
society,n,words
software,n,words
soil,n,words
solid,adj,words
solve,v,words
sort,v,words
southern,adj,words
spam,n,words
specifically,adv,words
speed,n,words
spending,n,words
spicy,adj,words
spirit,n,words
spoken,adj,words
spot,n,words
spot,v,words
spread,v,words
spring,n,words
spy,n,words
spy,v,words
stadium,n,words
staff,n,words
standard,n,words
standard,adj,words
state,v,words
statue,n,words
stick,v,words
stick,n,words
store,v,words
stranger,n,words
strength,n,words
string,n,words
strongly,adv,words
studio,n,words
stuff,n,words
successfully,adv,words
sudden,adj,words
suffer,v,words
suit,v,words
suitable,adj,words
success,n,words
summarise,v,words
summary,n,words
supply,n,words
supply,v,words
supporter,n,words
surely,adv,words
surface,n,words
survive,v,words
survey,n,words
switch,n,words
switch,v,words
sword,n,words
symptom,n,words
tail,n,words
talent,n,words
talented,adj,words
tape,n,words
tax,n,words
technical,adj,words
technique,n,words
tend,v,words
theme,n,words
though,adv,words
though,conj,words
throat,n,words
throughout,prep,words
throughout,adv,words
tight,adj,words
till,conj,words
till,prep,words
tin,n,words
tiny,adj,words
tongue,n,words
topic,n,words
total,adj,words
total,n,words
totally,adv,words
trade,n,words
trade,v,words
trailer,n,words
translate,v,words
translation,n,words
treat,v,words
treatment,n,words
trend,n,words
trick,n,words
trick,v,words
truth,n,words
tube,n,words
turtle,n,words
type,v,words
typically,adv,words
tyre,n,words
ugly,adj,words
unable,adj,words
uncomfortable,adj,words
underwear,n,words
unemployed,adj,words
unemployment,n,words
unfair,adj,words
union,n,words
unless,conj,words
unlike,prep,words
unlikely,adj,words
unnecessary,adj,words
unpleasant,adj,words
update,v,words
upon,prep,words
upset,v,words
used,adj,words
valuable,adj,words
value,n,words
various,adj,words
vehicle,n,words
version,n,words
victim,n,words
viewer,n,words
violent,adj,words
volunteer,n,words
volunteer,v,words
vote,n,words
vote,v,words
warn,v,words
warning,n,words
waste,n,words
waste,v,words
weapon,n,words
weigh,v,words
western,adj,words
whale,n,words
whatever,pron,words
abandon,v,words
absent,adj,words
absolute,adj,words
absorb,v,words
abstract,adj,words
accent,n,words
acceptable,adj,words
accidentally,adv,words
accommodate,v,words
accompany,v,words
accomplish,v,words
account for,v,words
accountant,n,words
accuracy,n,words
accurate,adj,words
accurately,adv,words
accuse,v,words
acknowledge,v,words
acquire,v,words
acre,n,words
activate,v,words
actual,adj,words
adapt,v,words
addiction,n,words
additional,adj,words
additionally,adv,words
address,v,words
adequate,adj,words
adequately,adv,words
adjust,v,words
administration,n,words
adopt,v,words
advance,n,words
advance,v,words
affair,n,words
affordable,adj,words
afterwards,adv,words
agency,n,words
agenda,n,words
aggressive,adj,words
agriculture,n,words
aid,n,words
aid,v,words
aids,n,words
aircraft,n,words
alarm,v,words
alien,n,words
alien,adj,words
alongside,prep,words
alter,v,words
altogether,adv,words
ambulance,n,words
amusing,adj,words
analyse,v,words
analysis,n,words
analyst,n,words
ancestor,n,words
angel,n,words
anger,n,words
angle,n,words
animation,n,words
anniversary,n,words
annual,adj,words
annually,adv,words
anticipate,v,words
anxiety,n,words
anxious,adj,words
apology,n,words
apparent,adj,words
apparently,adv,words
appeal,n,words
appeal,v,words
applicant,n,words
approach,n,words
approach,v,words
appropriate,adj,words
appropriately,adv,words
approval,n,words
approve,v,words
arise,v,words
armed,adj,words
arms,n,words
arrow,n,words
artificial,adj,words
artistic,adj,words
artwork,n,words
ashamed,adj,words
aspect,n,words
assess,v,words
assessment,n,words
asset,n,words
assign,v,words
assistance,n,words
associate,v,words
associated,adj,words
association,n,words
assume,v,words
assumption,n,words
assure,v,words
astonishing,adj,words
athletic,adj,words
attachment,n,words
attempt,n,words
attempt,v,words
audio,adj,words
awareness,n,words
awkward,adj,words
bacteria,n,words
badge,n,words
balanced,adj,words
ballet,n,words
balloon,n,words
barely,adv,words
bargain,n,words
barrier,n,words
based on,adj,words
basement,n,words
basically,adv,words
basis,n,words
basket,n,words
bat,n,words
bear,v,words
beg,v,words
being,n,words
beneficial,adj,words
bent,adj,words
beside,prep,words
besides,prep,words
besides,adv,words
bet,v,words
beyond,prep,words
beyond,adv,words
bias,n,words
bid,v,words
biological,adj,words
bitter,adj,words
blame,n,words
blame,v,words
blanket,n,words
blind,adj,words
bold,adj,words
bombing,n,words
bond,n,words
boost,v,words
bound,adj,words
breast,n,words
brick,n,words
brief,adj,words
briefly,adv,words
broad,adj,words
broadcast,n,words
broadcast,v,words
broadcaster,n,words
broadly,adv,words
buck,n,words
budget,n,words
bug,n,words
bullet,n,words
bunch,n,words
bush,n,words
but,prep,words
cabin,n,words
cable,n,words
calculate,v,words
canal,n,words
cancel,v,words
cancer,n,words
candle,n,words
capable,adj,words
capacity,n,words
capture,v,words
carbon,n,words
cast,n,words
cast,v,words
casual,adj,words
catastrophe,n,words
cave,n,words
cell,n,words
certainty,n,words
certificate,n,words
chairman,n,words
challenging,adj,words
championship,n,words
characteristic,n,words
charming,adj,words
chase,v,words
cheek,n,words
cheer,v,words
chief,adj,words
chief,n,words
chop,v,words
circuit,n,words
circumstance,n,words
cite,v,words
citizen,n,words
civil,adj,words
civilization,n,words
clarify,v,words
classic,adj,words
classic,n,words
classify,v,words
clause,n,words
cliff,n,words
clinic,n,words
clip,n,words
closely,adv,words
coincidence,n,words
collapse,v,words
collector,n,words
colony,n,words
colourful,adj,words
combination,n,words
comfort,n,words
comic,adj,words
comic,n,words
command,n,words
command,v,words
commander,n,words
commission,n,words
commitment,n,words
committee,n,words
commonly,adv,words
comparative,adj,words
completion,n,words
complicated,adj,words
component,n,words
compose,v,words
composer,n,words
compound,n,words
comprehensive,adj,words
compulsory,adj,words
concentration,n,words
concept,n,words
concern,n,words
concern,v,words
concerned,adj,words
conclusion,n,words
concrete,adj,words
concrete,n,words
conduct,v,words
confess,v,words
confidence,n,words
conflict,n,words
confusing,adj,words
confusion,n,words
conscious,adj,words
consequence,n,words
consequently,adv,words
conservation,n,words
conservative,adj,words
conservative,n,words
considerable,adj,words
considerably,adv,words
consideration,n,words
consist of,v,words
consistent,adj,words
consistently,adv,words
conspiracy,n,words
constant,adj,words
constantly,adv,words
construct,v,words
construction,n,words
consult,v,words
consultant,n,words
consumer,n,words
consumption,n,words
contemporary,adj,words
contest,n,words
context,n,words
contract,n,words
contribute,v,words
contribution,n,words
controversial,adj,words
controversy,n,words
convenience,n,words
convention,n,words
conventional,adj,words
convert,v,words
convey,v,words
convinced,adj,words
convincing,adj,words
cope,v,words
core,n,words
core,adj,words
corporate,adj,words
corporation,n,words
corridor,n,words
council,n,words
counter,n,words
county,n,words
courage,n,words
coverage,n,words
cowboy,n,words
crack,v,words
crash,n,words
crash,v,words
creation,n,words
creativity,n,words
creature,n,words
crew,n,words
crisis,n,words
critic,n,words
critical,adj,words
critically,adv,words
criticism,n,words
criticise,v,words
crop,n,words
crucial,adj,words
cruise,n,words
cue,n,words
cure,n,words
cure,v,words
curious,adj,words
curriculum,n,words
curve,n,words
curve,v,words
curved,adj,words
dairy,n,words
dairy,adj,words
dare,v,words
darkness,n,words
data,n,words
database,n,words
deadline,n,words
deadly,adj,words
dealer,n,words
debate,n,words
debate,v,words
debt,n,words
decent,adj,words
deck,n,words
declare,v,words
decline,n,words
decline,v,words
decoration,n,words
decrease,v,words
decrease,n,words
deeply,adv,words
defeat,n,words
defeat,v,words
defence,n,words
defend,v,words
defender,n,words
define,v,words
definition,n,words
delay,n,words
delay,v,words
delete,v,words
deliberate,adj,words
deliberately,adv,words
delight,n,words
delighted,adj,words
delivery,n,words
demand,n,words
demand,v,words
democracy,n,words
democratic,adj,words
demonstrate,v,words
demonstration,n,words
deny,v,words
depart,v,words
dependent,adj,words
deposit,n,words
deposit,v,words
depressed,adj,words
depressing,adj,words
depression,n,words
depth,n,words
derive,v,words
deserve,v,words
desire,n,words
desire,v,words
desperate,adj,words
desperately,adv,words
destruction,n,words
detailed,adj,words
detect,v,words
determine,v,words
determination,n,words
devil,n,words
devote,v,words
differ,v,words
dig,v,words
dime,n,words
disability,n,words
disabled,adj,words
disagreement,n,words
disappoint,v,words
disappointment,n,words
disc,n,words
discipline,n,words
discourage,v,words
dishonest,adj,words
dismiss,v,words
disorder,n,words
display,n,words
display,v,words
distant,adj,words
distinct,adj,words
distinguish,v,words
distract,v,words
distribute,v,words
distribution,n,words
district,n,words
disturb,v,words
dive,v,words
diverse,adj,words
diversity,n,words
division,n,words
divorce,n,words
divorce,v,words
document,n,words
document,v,words
domestic,adj,words
dominant,adj,words
dominate,v,words
donation,n,words
dot,n,words
downwards,adv,words
dozen,n,words
draft,n,words
draft,v,words
drag,v,words
dramatic,adj,words
dramatically,adv,words
drought,n,words
dull,adj,words
dump,v,words
duration,n,words
dynamic,adj,words
eager,adj,words
economics,n,words
economist,n,words
edit,v,words
edition,n,words
editorial,n,words
editorial,adj,words
efficient,adj,words
efficiently,adv,words
elbow,n,words
elderly,adj,words
elderly,n,words
elect,v,words
element,n,words
electronics,n,words
elegant,adj,words
elementary,adj,words
eliminate,v,words
elsewhere,adv,words
embrace,v,words
emerge,v,words
emission,n,words
emotional,adj,words
emotionally,adv,words
emphasis,n,words
emphasise,v,words
empire,n,words
enable,v,words
encounter,v,words
engage,v,words
enhance,v,words
enjoyable,adj,words
enquiry,n,words
ensure,v,words
entertaining,adj,words
enthusiasm,n,words
enthusiastic,adj,words
entire,adj,words
entirely,adv,words
entrepreneur,n,words
envelope,n,words
equip,v,words
equivalent,adj,words
equivalent,n,words
era,n,words
erupt,v,words
essentially,adv,words
establish,v,words
estate,n,words
estimate,n,words
estimate,v,words
ethic,n,words
ethical,adj,words
ethnic,adj,words
evaluate,v,words
evaluation,n,words
even,adv,words
evidence,n,words
evident,adj,words
evil,adj,words
evil,n,words
evolution,n,words
evolve,v,words
examination,n,words
exceed,v,words
exception,n,words
excessive,adj,words
exclude,v,words
excuse,n,words
excuse,v,words
executive,n,words
executive,adj,words
existence,n,words
exotic,adj,words
expansion,n,words
expectation,n,words
expense,n,words
expertise,n,words
exploit,v,words
exploration,n,words
expose,v,words
exposure,n,words
extend,v,words
extension,n,words
extensive,adj,words
extensively,adv,words
extent,n,words
external,adj,words
extract,n,words
extract,v,words
extraordinary,adj,words
fabric,n,words
fabulous,adj,words
facility,n,words
factor,n,words
faculty,n,words
failed,adj,words
failure,n,words
faith,n,words
fake,adj,words
fake,n,words
fame,n,words
fantasy,n,words
fare,n,words
fault,n,words
favour,v,words
feather,n,words
fee,n,words
feedback,n,words
fellow,adj,words
finance,n,words
finance,v,words
finding,n,words
firefighter,n,words
firework,n,words
firm,n,words
firm,adj,words
firmly,adv,words
flame,n,words
flash,v,words
flavour,n,words
flexible,adj,words
float,v,words
folding,adj,words
fond,adj,words
fool,n,words
fool,v,words
forbid,v,words
forecast,n,words
forecast,v,words
forgive,v,words
format,n,words
formation,n,words
former,adj,words
formerly,adv,words
fortunate,adj,words
fortune,n,words
forum,n,words
found,v,words
foundation,n,words
founder,n,words
fraction,n,words
fragment,n,words
framework,n,words
fraud,n,words
freedom,n,words
freely,adv,words
frequency,n,words
frequent,adj,words
frustrated,adj,words
fulfil,v,words
full-time,adj,words
full-time,adv,words
fully,adv,words
fund,n,words
fund,v,words
fundamental,adj,words
fundamentally,adv,words
funding,n,words
funeral,n,words
furious,adj,words
furthermore,adv,words
gain,v,words
gallon,n,words
gaming,n,words
gang,n,words
gay,adj,words
gender,n,words
gene,n,words
generate,v,words
genetic,adj,words
genius,n,words
genre,n,words
genuine,adj,words
genuinely,adv,words
gesture,n,words
globalization,n,words
globe,n,words
golden,adj,words
goodness,n,words
gorgeous,adj,words
govern,v,words
grab,v,words
gradually,adv,words
grand,adj,words
grant,n,words
grant,v,words
graphic,adj,words
graphics,n,words
grave,n,words
greatly,adv,words
greenhouse,n,words
guarantee,v,words
guideline,n,words
habitat,n,words
handle,v,words
harbour,n,words
harm,n,words
harm,v,words
harmful,adj,words
headquarters,n,words
heal,v,words
healthcare,n,words
hearing,n,words
heaven,n,words
heel,n,words
hell,n,words
helmet,n,words
herb,n,words
hesitate,v,words
hidden,adj,words
hilarious,adj,words
hip,n,words
historian,n,words
hollow,adj,words
holy,adj,words
homeless,adj,words
honesty,n,words
honour,n,words
hook,n,words
hopefully,adv,words
household,n,words
household,adj,words
housing,n,words
humorous,adj,words
humour,n,words
hunger,n,words
hunting,n,words
icon,n,words
id,n,words
ideal,adj,words
ideal,n,words
identical,adj,words
identity,n,words
illusion,n,words
illustrate,v,words
illustration,n,words
imagination,n,words
immigration,n,words
immune,adj,words
impatient,adj,words
implement,v,words
implication,n,words
imply,v,words
impose,v,words
impress,v,words
impressed,adj,words
incentive,n,words
inch,n,words
incident,n,words
income,n,words
incorporate,v,words
incorrect,adj,words
increasingly,adv,words
independence,n,words
index,n,words
indication,n,words
industrial,adj,words
inevitable,adj,words
inevitably,adv,words
infection,n,words
infer,v,words
inflation,n,words
info,n,words
inform,v,words
inhabitant,n,words
inherit,v,words
initial,adj,words
initially,adv,words
initiative,n,words
ink,n,words
inner,adj,words
innovation,n,words
innovative,adj,words
input,n,words
insert,v,words
insight,n,words
insist,v,words
inspector,n,words
inspire,v,words
install,v,words
installation,n,words
instance,n,words
instant,adj,words
instantly,adv,words
institute,n,words
institution,n,words
insurance,n,words
integrate,v,words
intellectual,adj,words
intellectual,n,words
intended,adj,words
intense,adj,words
interact,v,words
interaction,n,words
internal,adj,words
interpret,v,words
interpretation,n,words
interrupt,v,words
interval,n,words
invade,v,words
invasion,n,words
investigation,n,words
investment,n,words
investor,n,words
isolate,v,words
isolated,adj,words
issue,v,words
jail,n,words
jet,n,words
joint,n,words
joint,adj,words
journalism,n,words
joy,n,words
judgement,n,words
junior,adj,words
junior,n,words
jury,n,words
justice,n,words
justify,v,words
kidnap,v,words
kidney,n,words
kindergarten,n,words
kit,n,words
labour,n,words
ladder,n,words
landing,n,words
landscape,n,words
lane,n,words
largely,adv,words
laser,n,words
lately,adv,words
launch,v,words
leadership,n,words
league,n,words
lean,v,words
legend,n,words
lens,n,words
licence,n,words
lifetime,n,words
lighting,n,words
likewise,adv,words
limitation,n,words
limited,adj,words
literally,adv,words
literary,adj,words
litter,n,words
lively,adj,words
liver,n,words
load,n,words
load,v,words
loan,n,words
logical,adj,words
logo,n,words
long-term,adj,words
loose,adj,words
lord,n,words
lottery,n,words
lower,v,words
loyal,adj,words
lung,n,words
lyric,n,words
magnificent,adj,words
maintain,v,words
majority,n,words
makeup,n,words
making,n,words
manufacture,v,words
manufacturing,n,words
marathon,n,words
margin,n,words
marker,n,words
martial,adj,words
mass,n,words
mass,adj,words
massive,adj,words
master,n,words
master,v,words
matching,adj,words
mate,n,words
mate,v,words
maximum,n,words
maximum,adj,words
means,n,words
measurement,n,words
mechanic,n,words
mechanical,adj,words
mechanism,n,words
medal,n,words
medication,n,words
medium,n,words
melt,v,words
membership,n,words
memorable,adj,words
metaphor,n,words
method,n,words
military,adj,words
military,n,words
miner,n,words
mineral,n,words
minimum,n,words
minimum,adj,words
minister,n,words
minor,adj,words
minority,n,words
miserable,adj,words
mission,n,words
mistaken,adj,words
mixed,adj,words
mode,n,words
modest,adj,words
modify,v,words
monitor,n,words
monitor,v,words
monster,n,words
monthly,adj,words
monthly,adv,words
monument,n,words
moral,adj,words
moral,n,words
moreover,adv,words
mortgage,n,words
mosque,n,words
mosquito,n,words
motion,n,words
motivate,v,words
motivation,n,words
motor,n,words
mount,v,words
moving,adj,words
multiple,adj,words
multiply,v,words
mysterious,adj,words
myth,n,words
naked,adj,words
nasty,adj,words
navigation,n,words
nearby,adj,words
nearby,adv,words
neat,adj,words
necessity,n,words
negative,n,words
negotiate,v,words
negotiation,n,words
nerve,n,words
neutral,adj,words
nevertheless,adv,words
newly,adv,words
nickel,n,words
nightmare,n,words
nostalgia,n,words
notebook,n,words
notion,n,words
novelist,n,words
nowadays,adv,words
numerous,adj,words
nursing,n,words
nutrition,n,words
obesity,n,words
obey,v,words
object,n,words
object,v,words
objective,n,words
obligatory,adj,words
obligation,n,words
observation,n,words
observe,v,words
observer,n,words
obstacle,n,words
obtain,v,words
occasionally,adv,words
occupation,n,words
occupy,v,words
offence,n,words
offend,v,words
offender,n,words
offensive,adj,words
ongoing,adj,words
onwards,adv,words
opening,n,words
openly,adv,words
opera,n,words
operate,v,words
operator,n,words
opponent,n,words
oppose,v,words
opposed,adj,words
opposition,n,words
optical,adj,words
optimistic,adj,words
orchestra,n,words
organ,n,words
organic,adj,words
origin,n,words
otherwise,adv,words
outcome,n,words
outer,adj,words
outfit,n,words
outline,n,words
outline,v,words
output,n,words
outstanding,adj,words
overall,adj,words
overall,adv,words
overcome,v,words
overnight,adv,words
overnight,adj,words
overseas,adv,words
overseas,adj,words
owe,v,words
ownership,n,words
oxygen,n,words
pace,n,words
pace,v,words
packet,n,words
palm,n,words
panel,n,words
panic,n,words
panic,v,words
parade,n,words
parallel,adj,words
parallel,n,words
parliament,n,words
part-time,adj,words
part-time,adv,words
participant,n,words
participation,n,words
partly,adv,words
partnership,n,words
passage,n,words
passionate,adj,words
password,n,words
patch,n,words
patience,n,words
pause,n,words
pause,v,words
peer,n,words
penalty,n,words
pension,n,words
perceive,v,words
perception,n,words
permanent,adj,words
permanently,adv,words
permit,n,words
permit,v,words
perspective,n,words
pharmacy,n,words
phase,n,words
phenomenon,n,words
philosophy,n,words
physician,n,words
pile,n,words
pile,v,words
pill,n,words
pitch,n,words
pity,n,words
placement,n,words
plain,adj,words
pointed,adj,words
popularity,n,words
portion,n,words
pose,n,words
pose,v,words
possess,v,words
potential,adj,words
potential,n,words
potentially,adv,words
praise,v,words
precious,adj,words
precise,adj,words
precisely,adv,words
predictable,adj,words
preference,n,words
pregnant,adj,words
preparation,n,words
presence,n,words
preserve,v,words
presidential,adj,words
pride,n,words
primarily,adv,words
prime,adj,words
principal,adj,words
principal,n,words
principle,n,words
prior,adj,words
priority,n,words
privacy,n,words
probability,n,words
probable,adj,words
procedure,n,words
proceed,v,words
professional,adj,words
professional,n,words
programming,n,words
progressive,adj,words
prohibit,v,words
promising,adj,words
promotion,n,words
prompt,v,words
proof,n,words
proportion,n,words
proposal,n,words
propose,v,words
prospect,n,words
protection,n,words
protein,n,words
protester,n,words
proven,adj,words
psychological,adj,words
psychologist,n,words
psychology,n,words
publication,n,words
publicity,n,words
publishing,n,words
punk,n,words
pupil,n,words
purchase,n,words
purchase,v,words
pure,adj,words
purely,adv,words
pursue,v,words
pursuit,n,words
puzzle,n,words
question,v,words
questionnaire,n,words
racial,adj,words
racism,n,words
racist,adj,words
racist,n,words
radar,n,words
radiation,n,words
rail,n,words
random,adj,words
rank,n,words
rank,v,words
rapid,adj,words
rapidly,adv,words
raw,adj,words
realistic,adj,words
reasonable,adj,words
reasonably,adv,words
rebuild,v,words
recall,v,words
receiver,n,words
recession,n,words
reckon,v,words
recognition,n,words
recover,v,words
recovery,n,words
recruit,v,words
reduction,n,words
referee,n,words
refugee,n,words
regard,v,words
regional,adj,words
register,v,words
registration,n,words
regret,v,words
regulate,v,words
regulation,n,words
reinforce,v,words
relatively,adv,words
relevant,adj,words
relief,n,words
relieve,v,words
relieved,adj,words
rely on,v,words
remark,n,words
remark,v,words
remarkable,adj,words
remarkably,adv,words
reporting,n,words
representative,n,words
representative,adj,words
reputation,n,words
requirement,n,words
rescue,v,words
research,n,words
research,v,words
reserve,v,words
resident,n,words
resign,v,words
resist,v,words
resolution,n,words
resolve,v,words
resort,n,words
restore,v,words
restrict,v,words
restriction,n,words
résumé,n,words
retail,n,words
retain,v,words
retirement,n,words
reveal,v,words
revenue,n,words
revision,n,words
revolution,n,words
reward,n,words
reward,v,words
rhythm,n,words
rid,adj,words
ridiculous,adj,words
risky,adj,words
rival,n,words
rob,v,words
robbery,n,words
rocket,n,words
romance,n,words
root,n,words
rose,n,words
roughly,adv,words
rub,v,words
rubber,n,words
ruin,v,words
rural,adj,words
rush,v,words
satellite,n,words
satisfaction,n,words
satisfied,adj,words
satisfy,v,words
saving,n,words
scale,n,words
scandal,n,words
scare,v,words
scholar,n,words
scholarship,n,words
scratch,v,words
scream,v,words
screening,n,words
sector,n,words
secure,v,words
seek,v,words
seeker,n,words
select,v,words
selection,n,words
self,n,words
seminar,n,words
senior,adj,words
senior,n,words
sensitive,adj,words
sequence,n,words
session,n,words
settle,v,words
settler,n,words
severe,adj,words
severely,adv,words
sexy,adj,words
shade,n,words
shadow,n,words
shallow,adj,words
shame,n,words
shaped,adj,words
shelter,n,words
shooting,n,words
shore,n,words
short-term,adj,words
shortage,n,words
shortly,adv,words
sibling,n,words
sidewalk,n,words
signature,n,words
significance,n,words
significant,adj,words
significantly,adv,words
silence,n,words
silk,n,words
sincere,adj,words
skilled,adj,words
skull,n,words
slave,n,words
slide,v,words
slight,adj,words
slip,v,words
slogan,n,words
slope,n,words
so-called,adj,words
solar,adj,words
somehow,adv,words
sometime,adv,words
somewhat,adv,words
sophisticated,adj,words
soul,n,words
source,n,words
spare,adj,words
specialise,v,words
specialist,n,words
species,n,words
specify,v,words
spectacular,adj,words
spectator,n,words
speculate,v,words
speculation,n,words
spice,n,words
spill,v,words
spiritual,adj,words
in spite of,prep,words
split,v,words
spoil,v,words
spokesman,n,words
spokesperson,n,words
spokeswoman,n,words
sponsor,n,words
sponsor,v,words
sponsorship,n,words
stable,adj,words
stall,n,words
stance,n,words
stare,v,words
starve,v,words
statistic,n,words
status,n,words
steadily,adv,words
steady,adj,words
steam,n,words
steel,n,words
steep,adj,words
sticky,adj,words
stiff,adj,words
stimulate,v,words
stock,n,words
stream,n,words
strengthen,v,words
stretch,v,words
strict,adj,words
strictly,adv,words
strike,n,words
strike,v,words
striking,adj,words
stroke,n,words
struggle,v,words
stunning,adj,words
submit,v,words
substance,n,words
suburb,n,words
suffering,n,words
sufficient,adj,words
sufficiently,adv,words
sum,n,words
super,adj,words
surgeon,n,words
surgery,n,words
surround,v,words
surrounding,adj,words
survival,n,words
survivor,n,words
suspect,n,words
suspect,v,words
suspend,v,words
sustainability,n,words
sustainable,adj,words
swallow,v,words
swear,v,words
sweep,v,words
symbol,n,words
symbolise,v,words
sympathetic,adj,words
sympathy,n,words
tag,n,words
tag,v,words
tale,n,words
tank,n,words
tap,n,words
tap,v,words
tear,n,words
tear,v,words
technological,adj,words
teen,n,words
temple,n,words
temporarily,adv,words
temporary,adj,words
tendency,n,words
tension,n,words
terminal,n,words
terminal,adj,words
terms,n,words
terribly,adv,words
terrify,v,words
territory,n,words
terror,n,words
terrorism,n,words
terrorist,n,words
testing,n,words
textbook,n,words
theft,n,words
therapist,n,words
therapy,n,words
theory,n,words
therefore,adv,words
thorough,adj,words
thoroughly,adv,words
threat,n,words
threaten,v,words
thumb,n,words
thus,adv,words
timing,n,words
tissue,n,words
tone,n,words
tough,adj,words
tournament,n,words
toxic,adj,words
trace,n,words
trace,v,words
track,n,words
track,v,words
trading,n,words
tragedy,n,words
tragic,adj,words
trait,n,words
transfer,n,words
transfer,v,words
transform,v,words
transition,n,words
transmit,v,words
trap,n,words
trap,v,words
treasure,n,words
trial,n,words
tribe,n,words
trillion,num,words
troop,n,words
tropical,adj,words
truly,adv,words
trust,n,words
trust,v,words
tsunami,n,words
tune,n,words
tunnel,n,words
ultimate,adj,words
ultimately,adv,words
unacceptable,adj,words
uncertainty,n,words
unconscious,adj,words
undergo,v,words
undertake,v,words
unexpected,adj,words
unfold,v,words
unfortunate,adj,words
unique,adj,words
unite,v,words
unity,n,words
universal,adj,words
universe,n,words
unknown,adj,words
upper,adj,words
upwards,adv,words
urban,adj,words
urge,v,words
urgent,adj,words
usage,n,words
useless,adj,words
valid,adj,words
variation,n,words
vary,v,words
vast,adj,words
venue,n,words
vertical,adj,words
via,prep,words
victory,n,words
victorious,adj,words
viewpoint,n,words
violence,n,words
virtual,adj,words
visa,n,words
visible,adj,words
vision,n,words
visual,adj,words
vital,adj,words
vitamin,n,words
volume,n,words
voluntarily,adv,words
voluntary,adj,words
voting,n,words
wage,n,words
wander,v,words
warming,n,words
weakness,n,words
wealth,n,words
wealthy,adj,words
weekly,adj,words
weekly,adv,words
weird,adj,words
welfare,n,words
wheat,n,words
whereas,conj,words
wherever,conj,words
whisper,v,words
whoever,pron,words
whom,pron,words
widely,adv,words
widespread,adj,words
widow,n,words
wildlife,n,words
willing,adj,words
wire,n,words
wisdom,n,words
wise,adj,words
withdraw,v,words
witness,n,words
witness,v,words
wolf,n,words
workforce,n,words
workplace,n,words
workshop,n,words
worm,n,words
wound,n,words
wound,v,words
wrap,v,words
wrist,n,words
zone,n,words
abolish,v,words
abortion,n,words
absence,n,words
absurd,adj,words
abuse,n,words
abuse,v,words
academy,n,words
accelerate,v,words
acceptance,n,words
accessible,adj,words
accomplishment,n,words
accordingly,adv,words
accountability,n,words
accountable,adj,words
accumulate,v,words
accumulation,n,words
accusation,n,words
accused,n,words
acid,n,words
acquisition,n,words
activation,n,words
activist,n,words
acute,adj,words
adaptation,n,words
adhere,v,words
adjacent,adj,words
adjustment,n,words
administer,v,words
administrative,adj,words
administrator,n,words
admission,n,words
adolescent,n,words
adolescent,adj,words
adoption,n,words
adverse,adj,words
advocate,n,words
advocate,v,words
aesthetic,adj,words
affection,n,words
aftermath,n,words
aggression,n,words
agricultural,adj,words
aide,n,words
alert,v,words
alert,n,words
alert,adj,words
align,v,words
alignment,n,words
alike,adj,words
alike,adv,words
allegation,n,words
allege,v,words
allegedly,adv,words
alliance,n,words
allocate,v,words
allocation,n,words
allowance,n,words
ally,n,words
aluminium,n,words
amateur,n,words
amateur,adj,words
ambassador,n,words
amend,v,words
amendment,n,words
amid,prep,words
analogy,n,words
anchor,n,words
anonymous,adj,words
apparel,n,words
appealing,adj,words
appetite,n,words
applaud,v,words
applicable,adj,words
appoint,v,words
appreciation,n,words
arbitrary,adj,words
architectural,adj,words
archive,n,words
arena,n,words
arm,v,words
array,n,words
articulate,v,words
ash,n,words
aspiration,n,words
aspire,v,words
assassination,n,words
assault,n,words
assault,v,words
assemble,v,words
assembly,n,words
assert,v,words
assertion,n,words
assurance,n,words
asylum,n,words
atrocity,n,words
attain,v,words
attendance,n,words
attribute,n,words
attribute,v,words
auction,n,words
audit,n,words
audit,v,words
authentic,adj,words
authorise,v,words
auto,n,words
autonomy,n,words
availability,n,words
await,v,words
backdrop,n,words
backing,n,words
backup,n,words
bail,n,words
ballot,n,words
bankruptcy,n,words
banner,n,words
bare,adj,words
barrel,n,words
battlefield,n,words
bay,n,words
beam,n,words
beast,n,words
behalf,n,words
behavioural,adj,words
beloved,adj,words
bench,n,words
benchmark,n,words
beneath,prep,words
beneficiary,n,words
betray,v,words
betrayal,n,words
beverage,n,words
bind,v,words
biography,n,words
bishop,n,words
bizarre,adj,words
blade,n,words
blast,n,words
blast,v,words
bleed,v,words
blend,n,words
blend,v,words
bless,v,words
blessing,n,words
boast,v,words
bonus,n,words
boom,n,words
bounce,v,words
boundary,n,words
bow,v,words
breach,n,words
breach,v,words
breakdown,n,words
breakthrough,n,words
breed,v,words
broadband,n,words
browser,n,words
brutal,adj,words
buffer,n,words
bulk,n,words
burden,n,words
bureaucracy,n,words
burial,n,words
cabinet,n,words
calculation,n,words
canvas,n,words
capability,n,words
capitalism,n,words
capitalist,n,words
capitalist,adj,words
cargo,n,words
carriage,n,words
carve,v,words
casualty,n,words
catalogue,n,words
cater,v,words
cattle,n,words
caution,n,words
cautious,adj,words
cease,v,words
cemetery,n,words
chamber,n,words
chaos,n,words
characterise,v,words
charm,n,words
charter,n,words
choir,n,words
chronic,adj,words
chunk,n,words
circulate,v,words
circulation,n,words
citizenship,n,words
civic,adj,words
civilian,n,words
clarity,n,words
clash,n,words
clash,v,words
classification,n,words
cling,v,words
clinical,adj,words
closure,n,words
cluster,n,words
coalition,n,words
coastal,adj,words
cocktail,n,words
cognitive,adj,words
coincide,v,words
collaborate,v,words
collaboration,n,words
collective,adj,words
collision,n,words
colonial,adj,words
columnist,n,words
combat,n,words
combat,v,words
commence,v,words
commentary,n,words
commentator,n,words
commerce,n,words
commissioner,n,words
commodity,n,words
communist,n,words
communist,adj,words
companion,n,words
comparable,adj,words
compassion,n,words
compel,v,words
compelling,adj,words
compensate,v,words
compensation,n,words
competence,n,words
competent,adj,words
compile,v,words
complement,n,words
complement,v,words
complexity,n,words
compliance,n,words
complication,n,words
comply,v,words
composition,n,words
comprise,v,words
compromise,n,words
compromise,v,words
compute,v,words
conceal,v,words
concede,v,words
conceive,v,words
conception,n,words
concession,n,words
condemn,v,words
confer,v,words
confession,n,words
configuration,n,words
confine,v,words
confirmation,n,words
confront,v,words
confrontation,n,words
congratulate,v,words
congregation,n,words
congressional,adj,words
conquer,v,words
conscience,n,words
consciously,adv,words
consciousness,n,words
consecutive,adj,words
consensus,n,words
consent,n,words
consent,v,words
conserve,v,words
consistency,n,words
consolidate,v,words
consolidation,n,words
constitute,v,words
constitution,n,words
constitutional,adj,words
constraint,n,words
consultation,n,words
contemplate,v,words
contempt,n,words
contend,v,words
contender,n,words
content,adj,words
contention,n,words
continually,adv,words
contractor,n,words
contradiction,n,words
contrary,adj,words
contrary,n,words
contributor,n,words
conversion,n,words
convict,n,words
convict,v,words
conviction,n,words
cooperate,v,words
cooperative,adj,words
coordinate,v,words
coordination,n,words
coordinator,n,words
copyright,n,words
correction,n,words
correlate,v,words
correlation,n,words
correspond,v,words
correspondence,n,words
correspondent,n,words
corresponding,adj,words
correspondingly,adv,words
corrupt,adj,words
corruption,n,words
costly,adj,words
councillor,n,words
counselling,n,words
counsellor,n,words
counter,v,words
counterpart,n,words
countless,adj,words
coup,n,words
courtesy,n,words
craft,n,words
craft,v,words
crawl,v,words
creator,n,words
credibility,n,words
credible,adj,words
creep,v,words
criterion,n,words
critique,n,words
crown,n,words
crude,adj,words
crush,v,words
crystal,n,words
cult,n,words
cultivate,v,words
curiosity,n,words
custody,n,words
cutting,n,words
cutting,adj,words
cynical,adj,words
dam,n,words
damaging,adj,words
dawn,n,words
debris,n,words
debut,n,words
decision-making,n,words
decisive,adj,words
declaration,n,words
dedicated,adj,words
dedication,n,words
deed,n,words
deem,v,words
default,n,words
defect,n,words
defensive,adj,words
deficiency,n,words
deficit,n,words
definitive,adj,words
defy,v,words
delegate,n,words
delegation,n,words
delicate,adj,words
demon,n,words
denial,n,words
denounce,v,words
dense,adj,words
density,n,words
dependence,n,words
depict,v,words
deploy,v,words
deployment,n,words
deprive,v,words
deputy,n,words
descend,v,words
descent,n,words
designate,v,words
desirable,adj,words
destructive,adj,words
detain,v,words
detection,n,words
detention,n,words
deteriorate,v,words
devastate,v,words
devise,v,words
diagnose,v,words
diagnosis,n,words
dictate,v,words
dictator,n,words
differentiate,v,words
dignity,n,words
dilemma,n,words
dimension,n,words
diminish,v,words
dip,v,words
diplomat,n,words
diplomatic,adj,words
directory,n,words
disastrous,adj,words
discard,v,words
discharge,v,words
disclose,v,words
disclosure,n,words
discourse,n,words
discretion,n,words
discrimination,n,words
disregard,v,words
dismissal,n,words
displace,v,words
disposal,n,words
dispose of,v,words
dispute,n,words
dispute,v,words
disrupt,v,words
disruption,n,words
dissolve,v,words
distinction,n,words
distinctive,adj,words
distort,v,words
distress,n,words
disturbing,adj,words
divert,v,words
divine,adj,words
doctrine,n,words
documentation,n,words
domain,n,words
dominance,n,words
donor,n,words
dose,n,words
drawback,n,words
drain,v,words
drift,v,words
drown,v,words
dual,adj,words
dub,v,words
dumb,adj,words
duo,n,words
earnings,n,words
ease,n,words
ease,v,words
echo,n,words
echo,v,words
ecological,adj,words
educator,n,words
effectiveness,n,words
efficiency,n,words
ego,n,words
elaborate,adj,words
electoral,adj,words
elevate,v,words
eligible,adj,words
elite,n,words
embark,v,words
embarrassment,n,words
embassy,n,words
embed,v,words
embody,v,words
emergence,n,words
empirical,adj,words
empower,v,words
enact,v,words
encompass,v,words
encouragement,n,words
encouraging,adj,words
endeavour,n,words
endless,adj,words
endorse,v,words
endorsement,n,words
endure,v,words
enforce,v,words
enforcement,n,words
engagement,n,words
engaging,adj,words
enrich,v,words
enrol,v,words
enterprise,n,words
enthusiast,n,words
entitle,v,words
entity,n,words
epidemic,n,words
equality,n,words
equation,n,words
erect,v,words
escalate,v,words
escort,n,words
escort,v,words
essence,n,words
establishment,n,words
eternal,adj,words
evacuate,v,words
evoke,v,words
evolutionary,adj,words
exaggerate,v,words
excellence,n,words
exceptional,adj,words
excess,n,words
exclusion,n,words
exclusive,adj,words
exclusively,adv,words
execute,v,words
execution,n,words
exert,v,words
exile,n,words
expenditure,n,words
experimental,adj,words
expire,v,words
explicit,adj,words
explicitly,adv,words
exploitation,n,words
explosive,n,words
explosive,adj,words
extremist,n,words
facilitate,v,words
faction,n,words
fade,v,words
fairness,n,words
fatal,adj,words
fate,n,words
favourable,adj,words
feat,n,words
felony,n,words
feminist,n,words
feminist,adj,words
fibre,n,words
fierce,adj,words
filmmaker,n,words
filter,n,words
filter,v,words
firearm,n,words
fiscal,adj,words
flaw,n,words
flawed,adj,words
flee,v,words
fleet,n,words
flesh,n,words
flexibility,n,words
flourish,v,words
fluid,n,words
footage,n,words
foresee,v,words
foreigner,n,words
forge,v,words
formula,n,words
formulate,v,words
forth,adv,words
forthcoming,adj,words
foster,v,words
fragile,adj,words
franchise,n,words
frankly,adv,words
fraudulent,adj,words
frustrating,adj,words
frustration,n,words
functional,adj,words
fundraising,n,words
gambling,n,words
gathering,n,words
gaze,v,words
gear,n,words
generic,adj,words
genocide,n,words
glance,v,words
glimpse,n,words
glorious,adj,words
glory,n,words
governance,n,words
grace,n,words
grasp,v,words
grave,adj,words
gravity,n,words
grid,n,words
grief,n,words
grin,v,words
grind,v,words
grip,n,words
grip,v,words
gross,adj,words
guerrilla,n,words
guidance,n,words
guilt,n,words
gut,n,words
hail,v,words
halfway,adv,words
halt,v,words
handful,n,words
handling,n,words
handy,adj,words
harassment,n,words
hardware,n,words
harmony,n,words
harsh,adj,words
harvest,n,words
harvest,v,words
hatred,n,words
haunt,v,words
hazard,n,words
hence,adv,words
heighten,v,words
heritage,n,words
hierarchy,n,words
high-profile,adj,words
homeland,n,words
hopeful,adj,words
horizon,n,words
hostage,n,words
hostile,adj,words
hostility,n,words
humanitarian,adj,words
humanity,n,words
humble,adj,words
hydrogen,n,words
hypothesis,n,words
identification,n,words
ideological,adj,words
ideology,n,words
ignorance,n,words
imagery,n,words
immense,adj,words
imminent,adj,words
implementation,n,words
imprison,v,words
inability,n,words
inadequate,adj,words
inappropriate,adj,words
incarcerate,v,words
incarceration,n,words
incidence,n,words
inclined,adj,words
inclusion,n,words
incur,v,words
indicator,n,words
indictment,n,words
indigenous,adj,words
induce,v,words
indulge,v,words
inequality,n,words
infamous,adj,words
infect,v,words
inflict,v,words
influential,adj,words
infrastructure,n,words
inherent,adj,words
inhibit,v,words
initiate,v,words
inject,v,words
injection,n,words
injustice,n,words
inmate,n,words
inquire,v,words
insertion,n,words
insider,n,words
inspect,v,words
inspection,n,words
inspiration,n,words
instinct,n,words
institutional,adj,words
instruct,v,words
instrumental,adj,words
insufficient,adj,words
insult,n,words
insult,v,words
intact,adj,words
intake,n,words
integral,adj,words
integrated,adj,words
integration,n,words
integrity,n,words
intensify,v,words
intensity,n,words
intensive,adj,words
intent,n,words
interactive,adj,words
interface,n,words
interfere,v,words
interference,n,words
interim,adj,words
interior,n,words
interior,adj,words
intermediate,adj,words
intersection,n,words
intervene,v,words
intervention,n,words
intimate,adj,words
intriguing,adj,words
inventory,n,words
investigator,n,words
invisible,adj,words
invoke,v,words
involvement,n,words
ironic,adj,words
ironically,adv,words
irony,n,words
irrelevant,adj,words
isolation,n,words
judicial,adj,words
jurisdiction,n,words
just,adj,words
justification,n,words
landlord,n,words
landmark,n,words
lap,n,words
large-scale,adj,words
latter,adj,words
lawmaker,n,words
lawn,n,words
lawsuit,n,words
layout,n,words
leak,n,words
leak,v,words
leap,v,words
legacy,n,words
legendary,adj,words
legislation,n,words
legislative,adj,words
legislature,n,words
legitimate,adj,words
lengthy,adj,words
lesbian,adj,words
lesbian,n,words
lesser,adj,words
lethal,adj,words
liable,adj,words
liability,n,words
liberal,adj,words
liberal,n,words
liberation,n,words
liberty,n,words
lifelong,adj,words
likelihood,n,words
limb,n,words
linear,adj,words
line-up,n,words
linger,v,words
listing,n,words
literacy,n,words
lobby,n,words
lobby,v,words
logic,n,words
long-standing,adj,words
long-time,adj,words
loom,v,words
loop,n,words
loyalty,n,words
machinery,n,words
magical,adj,words
magnetic,adj,words
magnitude,n,words
mainland,n,words
mainstream,n,words
mainstream,adj,words
maintenance,n,words
mandate,n,words
mandatory,adj,words
manifest,v,words
manipulate,v,words
manipulation,n,words
manuscript,n,words
march,n,words
march,v,words
marginal,adj,words
marine,adj,words
marketplace,n,words
massacre,n,words
mathematical,adj,words
mature,adj,words
maximise,v,words
meaningful,adj,words
meantime,n,words
medieval,adj,words
meditation,n,words
melody,n,words
memo,n,words
memoir,n,words
memorial,n,words
mentor,n,words
merchant,n,words
mercy,n,words
mere,adj,words
merely,adv,words
merge,v,words
merger,n,words
merit,n,words
in the midst of,prep,words
migration,n,words
militant,n,words
militant,adj,words
militia,n,words
minimal,adj,words
minimise,v,words
mining,n,words
ministry,n,words
minute,adj,words
miracle,n,words
misery,n,words
misleading,adj,words
mismanagement,n,words
missile,n,words
mob,n,words
mobility,n,words
mobilise,v,words
moderate,adj,words
modification,n,words
module,n,words
momentum,n,words
monk,n,words
monopoly,n,words
morality,n,words
motive,n,words
municipal,adj,words
mutual,adj,words
naive,adj,words
namely,adv,words
nationwide,adj,words
nationwide,adv,words
naval,adj,words
neglect,v,words
neighbouring,adj,words
newsletter,n,words
niche,n,words
noble,adj,words
nod,v,words
nominate,v,words
nomination,n,words
nominee,n,words
nonetheless,adv,words
non-profit,adj,words
nonsense,n,words
norm,n,words
notable,adj,words
notably,adv,words
notify,v,words
notorious,adj,words
nursery,n,words
objection,n,words
oblige,v,words
obsess,v,words
obsession,n,words
occasional,adj,words
occurrence,n,words
odds,n,words
offering,n,words
offspring,n,words
operational,adj,words
opt,v,words
optimism,n,words
oral,adj,words
organisational,adj,words
orientation,n,words
originate,v,words
outbreak,n,words
outing,n,words
outlet,n,words
outlook,n,words
outrage,n,words
outsider,n,words
overlook,v,words
overly,adv,words
oversee,v,words
overturn,v,words
overwhelm,v,words
overwhelming,adj,words
parameter,n,words
parental,adj,words
partial,adj,words
partially,adv,words
passing,n,words
passing,adj,words
passive,adj,words
pastor,n,words
patent,n,words
pathway,n,words
patrol,n,words
patrol,v,words
patron,n,words
peak,n,words
peasant,n,words
peculiar,adj,words
persist,v,words
persistent,adj,words
personnel,n,words
petition,n,words
philosopher,n,words
philosophical,adj,words
pioneer,n,words
pipeline,n,words
pit,n,words
plausible,adj,words
plea,n,words
plead,v,words
pledge,n,words
pledge,v,words
plunge,n,words
plunge,v,words
pole,n,words
poll,n,words
portfolio,n,words
portray,v,words
postpone,v,words
post-war,adj,words
practitioner,n,words
preach,v,words
precede,v,words
precedent,n,words
precision,n,words
predator,n,words
predecessor,n,words
predominantly,adv,words
pregnancy,n,words
prejudice,n,words
preliminary,adj,words
premier,n,words
premise,n,words
premium,n,words
prescribe,v,words
prescription,n,words
presently,adv,words
preservation,n,words
preside,v,words
presidency,n,words
prestigious,adj,words
presumably,adv,words
presume,v,words
prevail,v,words
prevalence,n,words
prevention,n,words
prey,n,words
privatization,n,words
privilege,n,words
probe,n,words
probe,v,words
problematic,adj,words
proceeding,n,words
proceeds,n,words
processing,n,words
processor,n,words
proclaim,v,words
productive,adj,words
productivity,n,words
profitable,adj,words
profound,adj,words
projection,n,words
prominent,adj,words
pronounced,adj,words
propaganda,n,words
proposition,n,words
prosecute,v,words
prosecution,n,words
prosecutor,n,words
prospective,adj,words
prosperity,n,words
protective,adj,words
protocol,n,words
province,n,words
provincial,adj,words
provision,n,words
provoke,v,words
psychiatric,adj,words
pulse,n,words
query,n,words
quest,n,words
quota,n,words
radical,adj,words
rage,n,words
raid,n,words
raid,v,words
rally,n,words
rally,v,words
ranking,n,words
rape,n,words
rape,v,words
ratio,n,words
rational,adj,words
ray,n,words
readily,adv,words
realization,n,words
realm,n,words
rear,n,words
rear,adj,words
reasoning,n,words
reassure,v,words
rebel,n,words
rebellion,n,words
recipient,n,words
reconstruction,n,words
recount,v,words
recruitment,n,words
referendum,n,words
reflection,n,words
reform,n,words
reform,v,words
refuge,n,words
refusal,n,words
regain,v,words
regardless,adv,words
regime,n,words
regulator,n,words
regulatory,adj,words
rehabilitation,n,words
reign,n,words
reign,v,words
rejection,n,words
relevance,n,words
reliability,n,words
reluctant,adj,words
remainder,n,words
remains,n,words
remedy,n,words
reminder,n,words
removal,n,words
render,v,words
renew,v,words
renowned,adj,words
rental,n,words
replacement,n,words
reportedly,adv,words
representation,n,words
reproduce,v,words
reproduction,n,words
republic,n,words
resemble,v,words
reside,v,words
residence,n,words
residential,adj,words
residue,n,words
resignation,n,words
resistance,n,words
respective,adj,words
respectively,adv,words
restoration,n,words
restraint,n,words
resume,v,words
retreat,n,words
retreat,v,words
retrieve,v,words
revelation,n,words
revenge,n,words
reverse,v,words
revival,n,words
revive,v,words
revolutionary,adj,words
revolutionary,n,words
rhetoric,n,words
riot,n,words
rip,v,words
ritual,n,words
robust,adj,words
rod,n,words
rookie,n,words
roster,n,words
rotate,v,words
rotation,n,words
ruling,n,words
ruling,adj,words
rumour,n,words
sacred,adj,words
sacrifice,n,words
sacrifice,v,words
saint,n,words
sake,n,words
sanction,n,words
saviour,n,words
scenario,n,words
scattered,adj,words
scope,n,words
screw,n,words
screw,v,words
scrutiny,n,words
seal,n,words
seal,v,words
secondly,adv,words
secular,adj,words
seemingly,adv,words
segment,n,words
seize,v,words
seldom,adv,words
selective,adj,words
sensation,n,words
sensitivity,n,words
sentiment,n,words
separation,n,words
serial,adj,words
settlement,n,words
setup,n,words
sexuality,n,words
shareholder,n,words
shatter,v,words
shed,v,words
sheer,adj,words
shipping,n,words
shrink,v,words
shrug,v,words
sigh,v,words
simulate,v,words
simulation,n,words
simultaneously,adv,words
sin,n,words
situated,adj,words
sceptical,adj,words
sketch,n,words
slash,n,words
slash,v,words
slavery,n,words
slot,n,words
smash,v,words
snap,v,words
soak,v,words
soar,v,words
socialist,adj,words
socialist,n,words
sole,adj,words
solely,adv,words
solidarity,n,words
solo,n,words
solo,adj,words
sovereignty,n,words
span,n,words
span,v,words
spark,n,words
spark,v,words
specialised,adj,words
specification,n,words
specimen,n,words
spectacle,n,words
spectrum,n,words
sphere,n,words
spin,v,words
spine,n,words
spotlight,n,words
spouse,n,words
squad,n,words
squeeze,v,words
stab,v,words
stability,n,words
stabilise,v,words
stake,n,words
standing,n,words
stark,adj,words
statistical,adj,words
steer,v,words
stem from,v,words
stereotype,n,words
stimulus,n,words
stir,v,words
storage,n,words
straightforward,adj,words
strain,n,words
strand,n,words
strategic,adj,words
strip,n,words
strive,v,words
structural,adj,words
stumble,v,words
stun,v,words
submission,n,words
subscriber,n,words
subscription,n,words
subsequent,adj,words
subsequently,adv,words
subsidy,n,words
substantial,adj,words
substantially,adv,words
substitute,n,words
substitute,v,words
substitution,n,words
subtle,adj,words
suburban,adj,words
succession,n,words
successive,adj,words
successor,n,words
suck,v,words
sue,v,words
suicide,n,words
suite,n,words
summit,n,words
superb,adj,words
superintendent,n,words
superior,adj,words
supervise,v,words
supervision,n,words
supervisor,n,words
supplement,n,words
supplement,v,words
supportive,adj,words
supposedly,adv,words
suppress,v,words
supreme,adj,words
surge,n,words
surge,v,words
surgical,adj,words
surplus,n,words
surrender,v,words
surveillance,n,words
suspension,n,words
suspicion,n,words
suspicious,adj,words
sustain,v,words
symbolic,adj,words
syndrome,n,words
synthesis,n,words
systematic,adj,words
tackle,v,words
tactic,n,words
tactical,adj,words
taxpayer,n,words
tempt,v,words
tenant,n,words
tender,adj,words
tenure,n,words
terminate,v,words
terrain,n,words
terrific,adj,words
testify,v,words
testimony,n,words
texture,n,words
thankfully,adv,words
theatrical,adj,words
theology,n,words
theoretical,adj,words
thereafter,adv,words
thereby,adv,words
thesis,n,words
thoughtful,adj,words
thread,n,words
threshold,n,words
thrilled,adj,words
thrive,v,words
tide,n,words
tighten,v,words
timber,n,words
timely,adj,words
tobacco,n,words
tolerance,n,words
tolerate,v,words
toll,n,words
torture,n,words
torture,v,words
toss,v,words
trademark,n,words
trail,n,words
trail,v,words
traitor,n,words
transaction,n,words
transcript,n,words
transformation,n,words
transit,n,words
transmission,n,words
transparency,n,words
transparent,adj,words
trauma,n,words
treaty,n,words
tremendous,adj,words
tribal,adj,words
tribute,n,words
trigger,n,words
trigger,v,words
trio,n,words
triumph,n,words
trophy,n,words
troubled,adj,words
trustee,n,words
tuition,n,words
tumour,n,words
turnout,n,words
turnover,n,words
twist,v,words
unconstitutional,adj,words
undergraduate,n,words
underlying,adj,words
undermine,v,words
undoubtedly,adv,words
unify,v,words
unprecedented,adj,words
unveil,v,words
upcoming,adj,words
upgrade,v,words
uphold,v,words
utility,n,words
utilise,v,words
utterly,adv,words
vacuum,n,words
vague,adj,words
validity,n,words
vanish,v,words
variable,n,words
variable,adj,words
varied,adj,words
vein,n,words
venture,n,words
verbal,adj,words
verdict,n,words
verify,v,words
verse,n,words
versus,prep,words
vessel,n,words
veteran,n,words
viable,adj,words
vibrant,adj,words
vice,n,words
vicious,adj,words
violate,v,words
violation,n,words
virtue,n,words
vocal,adj,words
vow,v,words
vulnerability,n,words
vulnerable,adj,words
ward,n,words
warehouse,n,words
warfare,n,words
warrant,n,words
warrant,v,words
warrior,n,words
weaken,v,words
weave,v,words
weed,n,words
well,n,words
well-being,n,words
whatsoever,adv,words
whip,v,words
wholly,adv,words
widen,v,words
width,n,words
willingness,n,words
wipe,v,words
wit,n,words
withdrawal,n,words
workout,n,words
worship,n,words
worship,v,words
worthwhile,adj,words
worthy,adj,words
wrongdoing,n,words
yield,v,words
add up to something,phr,phrasal
ask around,phr,phrasal
ask somebody out,phr,phrasal
back something up,phr,phrasal
back somebody up,phr,phrasal
blow up,phr,phrasal
blow something up,phr,phrasal
break down,phr,phrasal
break down,phr2,phrasal
break something down,phr,phrasal
break in,phr,phrasal
break into something,phr,phrasal
break something in,phr,phrasal
break in,phr2,phrasal
break up,phr,phrasal
break up,phr2,phrasal
break out,phr,phrasal
break out in something,phr,phrasal
bring somebody down,phr,phrasal
bring somebody up,phr,phrasal
bring something up,phr,phrasal
bring something up,phr2,phrasal
call around,phr,phrasal
call somebody back,phr,phrasal
call something off,phr,phrasal
call on somebody,phr,phrasal
call on somebody,phr2,phrasal
call somebody up,phr,phrasal
calm down,phr,phrasal
not care for somebody/ something,phr,phrasal
catch up,phr,phrasal
check in,phr,phrasal
check out,phr,phrasal
check somebody/ something out,phr,phrasal
check out somebody/ something,phr,phrasal
cheer up,phr,phrasal
cheer somebody up,phr,phrasal
chip in,phr,phrasal
clean something up,phr,phrasal
come across something,phr,phrasal
come apart,phr,phrasal
come down with something,phr,phrasal
come forward,phr,phrasal
come from some place,phr,phrasal
count on somebody/ something,phr,phrasal
cross something out,phr,phrasal
cut back on something,phr,phrasal
cut something down,phr,phrasal
cut in,phr,phrasal
cut in,phr2,phrasal
cut in,phr3,phrasal
cut something off,phr,phrasal
cut something off,phr2,phrasal
cut somebody off,phr,phrasal
cut something out,phr,phrasal
do somebody/ something over,phr,phrasal
do something over,phr,phrasal
do away with something,phr,phrasal
do something up,phr,phrasal
dress up,phr,phrasal
drop back,phr,phrasal
drop in/ by/ over,phr,phrasal
drop somebody/ something off,phr,phrasal
drop out,phr,phrasal
eat out,phr,phrasal
end up,phr,phrasal
fall apart,phr,phrasal
fall down,phr,phrasal
fall out,phr,phrasal
fall out,phr2,phrasal
figure something out,phr,phrasal
fill something in,phr,phrasal
fill something out,phr,phrasal
fill something up,phr,phrasal
find out,phr,phrasal
find something out,phr,phrasal
get something across/ over,phr,phrasal
get along/on,phr,phrasal
get around,phr,phrasal
get away,phr,phrasal
get away with something,phr,phrasal
get back,phr,phrasal
get something back,phr,phrasal
get back at somebody,phr,phrasal
get back into something,phr,phrasal
get on something,phr,phrasal
get over something,phr,phrasal
get over something,phr2,phrasal
get round to something,phr,phrasal
get together,phr,phrasal
get up,phr,phrasal
get up,phr2,phrasal
give somebody away,phr,phrasal
give somebody away,phr2,phrasal
give something away,phr,phrasal
give something away,phr2,phrasal
give something back,phr,phrasal
give in,phr,phrasal
give something out,phr,phrasal
give something up,phr,phrasal
give up,phr,phrasal
go after somebody,phr,phrasal
go after something,phr,phrasal
go against somebody,phr,phrasal
go ahead,phr,phrasal
go back,phr,phrasal
go out,phr,phrasal
go out with somebody,phr,phrasal
go over something,phr,phrasal
go over,phr,phrasal
go without something,phr,phrasal
grow apart,phr,phrasal
grow back,phr,phrasal
grow into something,phr,phrasal
grow out of something,phr,phrasal
grow up,phr,phrasal
hand something down,phr,phrasal
hand something in,phr,phrasal
hand something out,phr,phrasal
hand something over,phr,phrasal
hang in,phr,phrasal
hang on,phr,phrasal
hang out,phr,phrasal
hang up,phr,phrasal
hold somebody/ something back,phr,phrasal
hold something back,phr,phrasal
hold on,phr,phrasal
hold onto somebody/ something,phr,phrasal
hold somebody/ something up,phr,phrasal
keep on doing something,phr,phrasal
keep something from somebody,phr,phrasal
keep somebody/ something out,phr,phrasal
keep something up,phr,phrasal
let somebody down,phr,phrasal
let somebody in,phr,phrasal
log in (or on),phr,phrasal
log out (or off),phr,phrasal
look after somebody/ something,phr,phrasal
look down on somebody,phr,phrasal
look for somebody/ something,phr,phrasal
look forward to something,phr,phrasal
look into something,phr,phrasal
look out,phr,phrasal
look out for somebody/ something,phr,phrasal
look something over,phr,phrasal
look something up,phr,phrasal
look up to somebody,phr,phrasal
make something up,phr,phrasal
make up,phr,phrasal
make somebody up,phr,phrasal
mix something up,phr,phrasal
pass away,phr,phrasal
pass out,phr,phrasal
pass something out,phr,phrasal
pass something up,phr,phrasal
pay somebody back,phr,phrasal
pay for something,phr,phrasal
pick something out,phr,phrasal
point somebody/ something out,phr,phrasal
put something down,phr,phrasal
put somebody down,phr,phrasal
put something off,phr,phrasal
put something out,phr,phrasal
put something together,phr,phrasal
put up with somebody/ something,phr,phrasal
put something on,phr,phrasal
run into somebody/ something,phr,phrasal
run over somebody/ something,phr,phrasal
run over/ through something,phr,phrasal
run away,phr,phrasal
run out,phr,phrasal
send something back,phr,phrasal
set something up,phr,phrasal
set somebody up,phr,phrasal
shop around,phr,phrasal
show off,phr,phrasal
sleep over,phr,phrasal
sort something out,phr,phrasal
stick to something,phr,phrasal
switch something off,phr,phrasal
switch something on,phr,phrasal
take after somebody,phr,phrasal
take something apart,phr,phrasal
take something back,phr,phrasal
take off,phr,phrasal
take something off,phr,phrasal
take something out,phr,phrasal
take somebody out,phr,phrasal
tear something up,phr,phrasal
think back,phr,phrasal
think something over,phr,phrasal
throw something away,phr,phrasal
turn something down,phr,phrasal
turn something down,phr2,phrasal
turn something off,phr,phrasal
turn something on,phr,phrasal
turn something up,phr,phrasal
turn up,phr,phrasal
try something on,phr,phrasal
try something out,phr,phrasal
use something up,phr,phrasal
wake up,phr,phrasal
warm somebody/ something up,phr,phrasal
warm up,phr,phrasal
wear off,phr,phrasal
work out,phr,phrasal
work out,phr2,phrasal
work something out,phr,phrasal
